sampling,bootstrapType,mseCoverageIndirectEffect,mseCoverageMediatedProportion
person,bias-corrected,0.0034566779653120707,0.0019286580279529754
person,percentile,0.003362104825633268,0.001212803007236255
person,pivoted,0.024914683205620063,0.00795808519647315
person,reduced bias-corrected,0.0033490347490027403,0.001009481965294513
strata,bias-corrected,0.009657585832561733,0.0057739396564957
strata,percentile,0.012080702817732753,0.006345081663505694
strata,pivoted,0.04674282247604971,0.019493016298636163
strata,reduced bias-corrected,0.010233587247998695,0.005281775594376368
