sampling,bootstrapType,mseCoverageIndirectEffect,mseCoverageMediatedProportion
person,bias-corrected,0.0012658635847316564,0.0011402490727664564
person,pivoted,0.002822340974719968,8.74612614787238e-4
person,reduced bias-corrected,0.0012270609636363034,0.0010267934911266847
strata,bias-corrected,0.0012942500069740963,0.0015181185004666665
strata,pivoted,0.010756339458161422,0.002642609926427422
strata,reduced bias-corrected,0.0011428696370533844,9.14043687485664e-4
